pruning,No.,total,fruits,mean_score,median_score
None,+1,2,7,0.995453477,0.999018669
None,+1,4,11,0.992060152,0.99726665
None,+1,6,6,0.994173795,0.998525053
None,+1,2,15,0.991228036,0.995723963
None,+1,4,6,0.998959531,0.998958021
None,+1,6,8,0.983187772,0.992544472
None,+1,4,7,0.997052652,0.998155296
None,+1,6,6,0.998959531,0.998958021
None,+1,4,13,0.992262299,0.997477829
None,+1,6,8,0.98791974,0.998141587
None,+1,6,9,0.996824344,0.99817884
None,+1,6,13,0.992262299,0.997477829
None,01,2,41,0.984862232,0.997143447
None,01,4,31,0.985890552,0.996557236
None,01,6,37,0.993355289,0.997113228
None,01,2,37,0.984283162,0.997547328
None,01,4,41,0.988150224,0.995896935
None,01,6,20,0.988606837,0.997255653
None,01,4,35,0.989829436,0.997859418
None,01,6,39,0.984501576,0.994908869
None,01,4,30,0.994570466,0.997010291
None,01,6,21,0.988593144,0.997381032
None,01,6,33,0.990604518,0.998055577
None,01,6,29,0.993379533,0.997199774
None,02,2,52,0.988145936,0.997237056
None,02,4,49,0.988286159,0.997229278
None,02,6,43,0.993665934,0.99754566
None,02,2,50,0.992746053,0.997656792
None,02,4,52,0.988145936,0.997237056
None,02,6,60,0.991472952,0.997636318
None,02,4,57,0.988342168,0.997573674
None,02,6,54,0.988127297,0.997597158
None,02,4,50,0.992746053,0.997656792
None,02,6,49,0.992899992,0.997661829
None,02,6,67,0.99178351,0.997968137
None,02,6,54,0.990643688,0.997845352
None,03,2,32,0.994866868,0.998652786
None,03,4,47,0.993928845,0.99827528
None,03,6,64,0.99410961,0.997909874
None,03,2,58,0.996102619,0.998004913
None,03,4,33,0.995988338,0.998148441
None,03,6,38,0.993231701,0.998056501
None,03,4,34,0.984749908,0.998054296
None,03,6,32,0.994866868,0.998652786
None,03,4,56,0.996126099,0.998391181
None,03,6,30,0.994908567,0.997793794
None,03,6,40,0.984685694,0.996301234
None,03,6,58,0.996102619,0.998004913
None,04,2,11,0.982741719,0.995480776
None,04,4,17,0.992780131,0.997514963
None,04,6,16,0.994690187,0.99774453
None,04,2,17,0.987609653,0.996478498
None,04,4,11,0.982741719,0.995480776
None,04,6,27,0.981754411,0.9950068
None,04,4,11,0.981861499,0.992242873
None,04,6,11,0.982741719,0.995480776
None,04,4,17,0.987609653,0.996478498
None,04,6,14,0.963373993,0.98145619
None,04,6,13,0.981581926,0.996719062
None,04,6,17,0.987609653,0.996478498
None,05,2,36,0.989622297,0.995947719
None,05,4,28,0.989442389,0.997312099
None,05,6,34,0.989604719,0.996954203
None,05,2,50,0.986166732,0.997040749
None,05,4,35,0.990680507,0.995819569
None,05,6,27,0.984695956,0.994690835
None,05,4,32,0.984503502,0.995311022
None,05,6,36,0.989622297,0.995947719
None,05,4,48,0.989664193,0.997818172
None,05,6,35,0.983595072,0.993943632
None,05,6,42,0.989852312,0.996904016
None,05,6,50,0.986166732,0.997040749
None,06,2,25,0.99634316,0.997883856
None,06,4,14,0.989673334,0.994261026
None,06,6,16,0.992760506,0.996029168
None,06,2,30,0.989806608,0.998166889
None,06,4,27,0.9956933,0.99776721
None,06,6,19,0.985897607,0.993982494
None,06,4,25,0.995408173,0.998106003
None,06,6,25,0.99634316,0.997883856
None,06,4,33,0.979539965,0.998113513
None,06,6,21,0.99183801,0.998578787
None,06,6,37,0.992142465,0.997782409
None,06,6,30,0.989806608,0.998166889
None,07,2,3,0.997645696,0.997430503
None,07,4,12,0.9854574,0.996742129
None,07,6,12,0.98966445,0.997516483
None,07,2,11,0.992980155,0.997873783
None,07,4,4,0.977001473,0.992955655
None,07,6,2,0.995983839,0.995983839
None,07,4,7,0.970234215,0.989742696
None,07,6,4,0.989736229,0.998692274
None,07,4,10,0.990539622,0.99815169
None,07,6,4,0.981029317,0.98523894
None,07,6,18,0.977032307,0.99558869
None,07,6,9,0.98671588,0.997924089
None,08,2,79,0.99368382,0.997398138
None,08,4,39,0.988937849,0.996100426
None,08,6,56,0.991372904,0.996535659
None,08,2,71,0.990582167,0.996537209
None,08,4,79,0.99368382,0.997398138
None,08,6,27,0.9963251,0.997691393
None,08,4,59,0.989197018,0.997232854
None,08,6,81,0.99420767,0.997789383
None,08,4,71,0.990582167,0.996537209
None,08,6,61,0.990504056,0.997221589
None,08,6,82,0.991688198,0.997503191
None,08,6,73,0.991091162,0.996774614
None,09,2,27,0.979147708,0.988106489
None,09,4,14,0.993287312,0.998281091
None,09,6,24,0.987731117,0.99745515
None,09,2,36,0.98465816,0.995545387
None,09,4,27,0.979147708,0.988106489
None,09,6,22,0.987829447,0.992872
None,09,4,42,0.992971524,0.997381568
None,09,6,27,0.97320456,0.985166371
None,09,4,36,0.98465816,0.995545387
None,09,6,19,0.995229665,0.998244286
None,09,6,35,0.99521083,0.998075604
None,09,6,37,0.983331754,0.994589329
None,10,2,12,0.991549144,0.997241676
None,10,4,11,0.981033558,0.996238828
None,10,6,9,0.998658975,0.999069631
None,10,2,7,0.990897587,0.999117434
None,10,4,12,0.991549144,0.997241676
None,10,6,8,0.99772241,0.998635739
None,10,4,9,0.99493395,0.998354077
None,10,6,12,0.991549144,0.997241676
None,10,4,7,0.990897587,0.999117434
None,10,6,9,0.998569422,0.999369204
None,10,6,7,0.998679766,0.999241948
None,10,6,7,0.990897587,0.999117434
None,11,2,14,0.993042652,0.998721689
None,11,4,26,0.991118653,0.99868238
None,11,6,29,0.988467819,0.997649372
None,11,2,17,0.993117346,0.998712897
None,11,4,14,0.993042652,0.998721689
None,11,6,21,0.993755471,0.998069227
None,11,4,12,0.997511084,0.998590142
None,11,6,15,0.989794413,0.99833566
None,11,4,17,0.993117346,0.998712897
None,11,6,22,0.995390862,0.997649312
None,11,6,15,0.991552695,0.998202443
None,11,6,17,0.99372497,0.997705758
None,12,2,23,0.992480353,0.998057306
None,12,4,37,0.99179843,0.997977436
None,12,6,35,0.989693158,0.997869253
None,12,2,53,0.987129476,0.996432304
None,12,4,23,0.992480353,0.998057306
None,12,6,46,0.989101161,0.997570634
None,12,4,38,0.992157056,0.997557253
None,12,6,23,0.991152784,0.998123825
None,12,4,53,0.987129476,0.996432304
None,12,6,60,0.991530481,0.995751679
None,12,6,31,0.992350528,0.997234523
None,12,6,61,0.985553994,0.996515751
None,13,2,61,0.990825331,0.99734205
None,13,4,38,0.993755932,0.997759968
None,13,6,44,0.991877019,0.997225374
None,13,2,53,0.992567439,0.9979406
None,13,4,61,0.990825331,0.99734205
None,13,6,45,0.989037249,0.997347832
None,13,4,67,0.994394888,0.997841358
None,13,6,61,0.989626251,0.997324347
None,13,4,53,0.992567439,0.9979406
None,13,6,63,0.990869682,0.997037053
None,13,6,62,0.988544768,0.996405542
None,13,6,57,0.992563133,0.997370839
None,14,2,59,0.99548847,0.997979701
None,14,4,57,0.98641371,0.996182978
None,14,6,43,0.990904908,0.997805536
None,14,2,57,0.989941796,0.997404635
None,14,4,59,0.99450327,0.99784565
None,14,6,66,0.993279598,0.997485071
None,14,4,50,0.990048957,0.997532815
None,14,6,61,0.995563015,0.99769336
None,14,4,56,0.992919343,0.997752309
None,14,6,48,0.987924978,0.996340573
None,14,6,64,0.985607682,0.996426523
None,14,6,51,0.99434752,0.997876167
None,15,2,81,0.98518757,0.995922685
None,15,4,68,0.98448351,0.996191621
None,15,6,39,0.986995333,0.996439397
None,15,2,57,0.992141427,0.996604085
None,15,4,73,0.98725009,0.99599874
None,15,6,71,0.986846983,0.996652544
None,15,4,64,0.987468484,0.996804297
None,15,6,69,0.990030043,0.997006118
None,15,4,61,0.990371844,0.996799707
None,15,6,66,0.989190948,0.996778339
None,15,6,59,0.986472474,0.995736361
None,15,6,57,0.991955526,0.997036934
None,16,2,53,0.991637276,0.996991873
None,16,4,31,0.989474445,0.996788383
None,16,6,39,0.990515652,0.998187602
None,16,2,27,0.982118715,0.997151554
None,16,4,53,0.991637276,0.996991873
None,16,6,35,0.988213955,0.997579038
None,16,4,13,0.981977238,0.998122275
None,16,6,51,0.993459782,0.997010589
None,16,4,27,0.982118715,0.997151554
None,16,6,45,0.987785885,0.996123016
None,16,6,28,0.986219085,0.99608162
None,16,6,28,0.983587933,0.996630639
None,17,2,59,0.990661245,0.99606508
None,17,4,42,0.98944126,0.997343183
None,17,6,47,0.992262068,0.99710089
None,17,2,60,0.988272647,0.995730102
None,17,4,59,0.990661245,0.99606508
None,17,6,55,0.989835641,0.996904671
None,17,4,50,0.986720177,0.996617347
None,17,6,59,0.990661245,0.99606508
None,17,4,60,0.988272647,0.995730102
None,17,6,63,0.990750272,0.997472346
None,17,6,66,0.991202248,0.995992541
None,17,6,60,0.988272647,0.995730102
None,18,2,106,0.989131927,0.995602548
None,18,4,64,0.992579008,0.997328222
None,18,6,51,0.99419931,0.997297347
None,18,2,48,0.982939993,0.996431619
None,18,4,106,0.989131927,0.995602548
None,18,6,59,0.992527381,0.9970451
None,18,4,78,0.993463415,0.997444481
None,18,6,106,0.989131927,0.995602548
None,18,4,48,0.982939993,0.996431619
None,18,6,99,0.990508472,0.996019781
None,18,6,61,0.991824156,0.997886002
None,18,6,48,0.982939993,0.996431619
None,19,2,69,0.993223594,0.997632623
None,19,4,29,0.990796854,0.996888578
None,19,6,18,0.971015092,0.995179564
None,19,2,30,0.985812958,0.99739939
None,19,4,69,0.991360735,0.9978351
None,19,6,41,0.989248803,0.996554255
None,19,4,63,0.992819229,0.997008622
None,19,6,69,0.991360735,0.9978351
None,19,4,30,0.987423694,0.996718079
None,19,6,79,0.983489559,0.993845522
None,19,6,39,0.990184657,0.997798979
None,19,6,30,0.987423694,0.996718079
None,20,2,11,0.976309728,0.988355517
None,20,4,19,0.994605249,0.99782443
None,20,6,27,0.983527384,0.996224403
None,20,2,40,0.984251241,0.996149153
None,20,4,11,0.976309728,0.988355517
None,20,6,23,0.98204152,0.992851794
None,20,4,13,0.957904096,0.988431871
None,20,6,14,0.972688641,0.98475492
None,20,4,40,0.984251241,0.996149153
None,20,6,9,0.97630365,0.981896043
None,20,6,16,0.989381939,0.993631542
None,20,6,35,0.988358797,0.997063458
None,21,2,13,0.977337269,0.984213591
None,21,4,4,0.997938886,0.997862458
None,21,6,18,0.991861022,0.996774793
None,21,2,15,0.99338814,0.998004496
None,21,4,13,0.977337269,0.984213591
None,21,6,5,0.985868931,0.995169818
None,21,4,2,0.987014771,0.987014771
None,21,6,13,0.977337269,0.984213591
None,21,4,15,0.99338814,0.998004496
None,21,6,6,0.988274803,0.993220001
None,21,6,7,0.975094054,0.99825877
None,21,6,15,0.99338814,0.998004496
None,22,2,33,0.984346005,0.990554512
None,22,4,35,0.987542859,0.997929931
None,22,6,35,0.990871348,0.997386754
None,22,2,21,0.995510135,0.998029768
None,22,4,40,0.980483121,0.991459906
None,22,6,44,0.98247503,0.99704659
None,22,4,36,0.987107489,0.995595634
None,22,6,40,0.980483121,0.991459906
None,22,4,22,0.994433907,0.998168349
None,22,6,36,0.987118665,0.997015536
None,22,6,19,0.988771486,0.993987918
None,22,6,22,0.994433907,0.998168349
None,23,2,50,0.983038116,0.996639669
None,23,4,69,0.988716718,0.996484518
None,23,6,81,0.990149321,0.995472074
None,23,2,75,0.990653596,0.996918678
None,23,4,50,0.983038116,0.996639669
None,23,6,60,0.991166314,0.997210801
None,23,4,46,0.991475789,0.996878207
None,23,6,47,0.990706964,0.995672703
None,23,4,75,0.990653596,0.996918678
None,23,6,68,0.989493508,0.994854659
None,23,6,37,0.988212047,0.997760057
None,23,6,70,0.985666653,0.996372104
None,24,2,10,0.975089031,0.994227588
None,24,4,5,0.998402905,0.998978138
None,24,6,7,0.996789362,0.998793125
None,24,2,7,0.998327843,0.998520553
None,24,4,9,0.978786886,0.989198864
None,24,6,7,0.996208336,0.998424172
None,24,4,4,0.998028859,0.998168409
None,24,6,7,0.99121029,0.993806839
None,24,4,7,0.997287427,0.998152554
None,24,6,2,0.999108791,0.999108791
None,24,6,4,0.990825817,0.996953845
None,24,6,6,0.998711497,0.998718828
None,25,2,16,0.989997838,0.996403992
None,25,4,23,0.98733342,0.997223496
None,25,6,35,0.990881205,0.998323858
None,25,2,31,0.991913174,0.9977265
None,25,4,16,0.989997838,0.996403992
None,25,6,38,0.987614084,0.996687591
None,25,4,21,0.991924942,0.998512566
None,25,6,14,0.995893185,0.997702301
None,25,4,31,0.991913174,0.9977265
None,25,6,27,0.987082647,0.99773705
None,25,6,25,0.994610276,0.998176813
None,25,6,30,0.996168152,0.997928023
0-5%,01,2,17,0.992798497,0.997187316
0-5%,01,4,8,0.973897964,0.995541722
0-5%,01,6,16,0.980735872,0.995764315
0-5%,01,2,18,0.986926039,0.995817751
0-5%,01,4,18,0.99101414,0.996944726
0-5%,01,6,7,0.997522363,0.998198211
0-5%,01,4,17,0.985247875,0.995883882
0-5%,01,6,17,0.992798497,0.997187316
0-5%,01,4,17,0.990536392,0.997719109
0-5%,01,6,22,0.98492181,0.996129185
0-5%,01,6,16,0.986276221,0.994299352
0-5%,01,6,18,0.986926039,0.995817751
0-5%,02,2,4,0.980550662,0.994404733
0-5%,02,4,5,0.98209579,0.992199719
0-5%,02,6,2,0.971173465,0.971173465
0-5%,02,2,3,0.974990944,0.98558259
0-5%,02,4,4,0.997105271,0.996883124
0-5%,02,6,5,0.967103004,0.963690519
0-5%,02,4,9,0.99665359,0.996750116
0-5%,02,6,3,0.996656358,0.99857533
0-5%,02,4,2,0.996181905,0.996181905
0-5%,02,6,8,0.973435156,0.99376294
0-5%,02,6,12,0.973707855,0.996925443
0-5%,02,6,3,0.940804978,0.914275229
0-5%,03,2,15,0.991396483,0.998796105
0-5%,03,4,9,0.984794074,0.995761931
0-5%,03,6,12,0.969823197,0.995865554
0-5%,03,2,14,0.989240455,0.997309417
0-5%,03,4,13,0.996770588,0.998720706
0-5%,03,6,20,0.982776415,0.99641794
0-5%,03,4,17,0.987819153,0.995320857
0-5%,03,6,14,0.991805826,0.998491615
0-5%,03,4,12,0.994107569,0.997666597
0-5%,03,6,18,0.990742584,0.997423232
0-5%,03,6,11,0.987928786,0.996959567
0-5%,03,6,14,0.985276043,0.996040374
0-5%,04,2,46,0.988543843,0.996972114
0-5%,04,4,32,0.98254846,0.993611693
0-5%,04,6,39,0.988763875,0.996256351
0-5%,04,2,31,0.9842589,0.995954514
0-5%,04,4,46,0.988543843,0.996972114
0-5%,04,6,25,0.992082539,0.995785654
0-5%,04,4,30,0.991755128,0.997803479
0-5%,04,6,46,0.992198091,0.99722752
0-5%,04,4,31,0.9842589,0.995954514
0-5%,04,6,10,0.995334053,0.997123033
0-5%,04,6,33,0.984052432,0.997155786
0-5%,04,6,26,0.9882156,0.994659871
0-5%,05,2,10,0.981814033,0.987418234
0-5%,05,4,14,0.990491113,0.996852905
0-5%,05,6,13,0.992384525,0.99602294
0-5%,05,2,13,0.995807166,0.997326374
0-5%,05,4,7,0.987416829,0.993169308
0-5%,05,6,8,0.995201133,0.997655451
0-5%,05,4,9,0.989525464,0.993879318
0-5%,05,6,10,0.981814033,0.987418234
0-5%,05,4,13,0.992323917,0.997409165
0-5%,05,6,6,0.993919094,0.996589839
0-5%,05,6,5,0.98607558,0.997997701
0-5%,05,6,13,0.995807166,0.997326374
0-5%,06,2,6,0.992337694,0.991656929
0-5%,06,4,9,0.993182282,0.995387733
0-5%,06,6,15,0.997052356,0.998128355
0-5%,06,2,8,0.982925661,0.99615705
0-5%,06,4,5,0.962642539,0.987040102
0-5%,06,6,16,0.992186978,0.994662374
0-5%,06,4,4,0.994409561,0.997013628
0-5%,06,6,5,0.962642539,0.987040102
0-5%,06,4,8,0.990734331,0.997907937
0-5%,06,6,6,0.96260492,0.980356693
0-5%,06,6,9,0.985763795,0.998461962
0-5%,06,6,8,0.990734331,0.997907937
0-5%,07,2,28,0.977098876,0.992783964
0-5%,07,4,26,0.971234796,0.990154058
0-5%,07,6,12,0.991436059,0.998015404
0-5%,07,2,15,0.975461193,0.990489364
0-5%,07,4,30,0.978204944,0.994284272
0-5%,07,6,34,0.982086872,0.996332973
0-5%,07,4,13,0.991833425,0.995678365
0-5%,07,6,30,0.981775218,0.993413121
0-5%,07,4,18,0.970757137,0.989147156
0-5%,07,6,19,0.98562842,0.994021356
0-5%,07,6,12,0.981603712,0.997057766
0-5%,07,6,19,0.970631863,0.992721975
0-5%,08,2,22,0.986513027,0.995901436
0-5%,08,4,18,0.987343407,0.994621664
0-5%,08,6,19,0.993835374,0.998148561
0-5%,08,2,37,0.986789752,0.996964157
0-5%,08,4,22,0.986513027,0.995901436
0-5%,08,6,18,0.990239057,0.995348036
0-5%,08,4,44,0.988060458,0.997080177
0-5%,08,6,21,0.988723718,0.995992601
0-5%,08,4,37,0.986789752,0.996964157
0-5%,08,6,32,0.991086006,0.997609347
0-5%,08,6,37,0.990690707,0.997153521
0-5%,08,6,40,0.984587695,0.997060895
0-5%,09,2,4,0.999070853,0.999105453
0-5%,09,4,6,0.974993904,0.994877219
0-5%,09,6,5,0.97959913,0.996495664
0-5%,09,2,3,0.972561836,0.999685168
0-5%,09,4,5,0.986692166,0.999212027
0-5%,09,6,9,0.994081742,0.996769071
0-5%,09,4,8,0.976634532,0.987813264
0-5%,09,6,4,0.999070853,0.999105453
0-5%,09,4,3,0.9812813,0.999655604
0-5%,09,6,9,0.982650631,0.997106612
0-5%,09,6,13,0.987397001,0.996024609
0-5%,09,6,3,0.972561836,0.999685168
0-5%,10,2,7,0.994716116,0.997012138
0-5%,10,4,7,0.984010569,0.998314738
0-5%,10,6,9,0.996673624,0.997547925
0-5%,10,2,18,0.990976946,0.995959222
0-5%,10,4,7,0.994716116,0.997012138
0-5%,10,6,7,0.994780285,0.997740388
0-5%,10,4,11,0.994879815,0.997005045
0-5%,10,6,6,0.996202528,0.998259395
0-5%,10,4,18,0.990976946,0.995959222
0-5%,10,6,6,0.994674683,0.997490615
0-5%,10,6,11,0.990204963,0.998115182
0-5%,10,6,18,0.985772318,0.994355172
0-5%,11,2,14,0.996407262,0.998305738
0-5%,11,4,5,0.995978618,0.996311843
0-5%,11,6,10,0.989250803,0.996613026
0-5%,11,2,13,0.99233415,0.997635365
0-5%,11,4,14,0.996407262,0.998305738
0-5%,11,6,9,0.99637162,0.997955203
0-5%,11,4,15,0.989666597,0.996930778
0-5%,11,6,14,0.996407262,0.998305738
0-5%,11,4,13,0.99233415,0.997635365
0-5%,11,6,12,0.997212946,0.998435974
0-5%,11,6,15,0.997331162,0.99806577
0-5%,11,6,13,0.99233415,0.997635365
0-5%,12,2,31,0.987078332,0.996961176
0-5%,12,4,25,0.994788377,0.998207808
0-5%,12,6,30,0.997343826,0.998068213
0-5%,12,2,18,0.995404608,0.997083962
0-5%,12,4,33,0.987992326,0.996717036
0-5%,12,6,21,0.993165646,0.997542381
0-5%,12,4,12,0.983473162,0.996391267
0-5%,12,6,33,0.987992326,0.996717036
0-5%,12,4,18,0.991846366,0.997424334
0-5%,12,6,17,0.983111567,0.993706048
0-5%,12,6,19,0.989365069,0.996449709
0-5%,12,6,18,0.991846366,0.997424334
0-5%,13,2,8,0.982541025,0.997815996
0-5%,13,4,5,0.995753312,0.998003781
0-5%,13,6,5,0.995457733,0.995148718
0-5%,13,2,6,0.9845604,0.989335835
0-5%,13,4,8,0.982541025,0.997815996
0-5%,13,6,7,0.977870268,0.992670655
0-5%,13,4,9,0.979866372,0.996399641
0-5%,13,6,12,0.972505391,0.993380159
0-5%,13,4,6,0.9845604,0.989335835
0-5%,13,6,9,0.994002759,0.997805655
0-5%,13,6,7,0.99074253,0.998174548
0-5%,13,6,6,0.985210915,0.991105884
0-5%,14,2,5,0.978521943,0.996281326
0-5%,14,4,7,0.994461008,0.997175932
0-5%,14,6,9,0.97762843,0.981494546
0-5%,14,2,14,0.978486619,0.987753093
0-5%,14,4,5,0.978521943,0.996281326
0-5%,14,6,7,0.971875753,0.990117252
0-5%,14,4,11,0.974570096,0.995677412
0-5%,14,6,4,0.981328309,0.99516654
0-5%,14,4,14,0.978486619,0.987753093
0-5%,14,6,8,0.988911808,0.99769786
0-5%,14,6,9,0.996538566,0.997598231
0-5%,14,6,11,0.982102622,0.992349386
0-5%,15,2,15,0.979769131,0.996423066
0-5%,15,4,12,0.990050281,0.997848272
0-5%,15,6,13,0.987880088,0.997576058
0-5%,15,2,14,0.961866851,0.979116768
0-5%,15,4,18,0.977124929,0.987714767
0-5%,15,6,11,0.982745458,0.995833635
0-5%,15,4,19,0.991039377,0.996810138
0-5%,15,6,16,0.969207659,0.97888571
0-5%,15,4,15,0.983152795,0.988918126
0-5%,15,6,22,0.99385212,0.996503651
0-5%,15,6,18,0.986671567,0.996632993
0-5%,15,6,15,0.985846599,0.992120862
0-5%,16,2,19,0.981347937,0.997407258
0-5%,16,4,24,0.990210662,0.996309161
0-5%,16,6,27,0.990761148,0.997604549
0-5%,16,2,27,0.998294746,0.998515069
0-5%,16,4,17,0.987252232,0.997746527
0-5%,16,6,28,0.982529719,0.996982455
0-5%,16,4,38,0.989420965,0.997203261
0-5%,16,6,17,0.987252232,0.997746527
0-5%,16,4,28,0.997219015,0.998584151
0-5%,16,6,28,0.994284736,0.998145401
0-5%,16,6,37,0.990975551,0.997364461
0-5%,16,6,28,0.997219015,0.998584151
0-5%,17,2,2,0.981122524,0.981122524
0-5%,17,4,3,0.988584876,0.996589184
0-5%,17,6,3,0.995592137,0.998538256
0-5%,17,2,8,0.993123032,0.998027295
0-5%,17,4,2,0.981122524,0.981122524
0-5%,17,6,5,0.984442699,0.990242898
0-5%,17,4,2,0.997550845,0.997550845
0-5%,17,6,2,0.981122524,0.981122524
0-5%,17,4,8,0.993123032,0.998027295
0-5%,17,6,6,0.993588308,0.998163402
0-5%,17,6,3,0.990620494,0.999010682
0-5%,17,6,8,0.993123032,0.998027295
0-5%,18,2,5,0.998156619,0.998126447
0-5%,18,4,8,0.987595268,0.994525641
0-5%,18,6,7,0.991676552,0.997108638
0-5%,18,2,9,0.983128932,0.996572614
0-5%,18,4,7,0.979138511,0.997991562
0-5%,18,6,9,0.993580692,0.996862292
0-5%,18,4,5,0.997943604,0.998537183
0-5%,18,6,7,0.979138511,0.997991562
0-5%,18,4,9,0.987661488,0.99698168
0-5%,18,6,8,0.992588483,0.99760884
0-5%,18,6,8,0.98058755,0.988456756
0-5%,18,6,9,0.987661488,0.99698168
0-5%,19,2,3,0.999119182,0.999491215
0-5%,19,4,1,0.999047458,0.999047458
0-5%,19,6,0,nan,nan
0-5%,19,2,2,0.997863799,0.997863799
0-5%,19,4,3,0.999119182,0.999491215
0-5%,19,6,1,0.999753892,0.999753892
0-5%,19,4,0,nan,nan
0-5%,19,6,3,0.999323269,0.999704301
0-5%,19,4,2,0.997863799,0.997863799
0-5%,19,6,0,nan,nan
0-5%,19,6,1,0.996878743,0.996878743
0-5%,19,6,3,0.993301074,0.998436034
0-5%,20,2,15,0.993503916,0.998003781
0-5%,20,4,23,0.984317865,0.996111214
0-5%,20,6,19,0.980069314,0.996954441
0-5%,20,2,24,0.994039523,0.997333348
0-5%,20,4,15,0.993503916,0.998003781
0-5%,20,6,19,0.985897369,0.995553911
0-5%,20,4,23,0.991249364,0.996055722
0-5%,20,6,15,0.993503916,0.998003781
0-5%,20,4,24,0.994039523,0.997333348
0-5%,20,6,14,0.991809883,0.997285992
0-5%,20,6,23,0.995087066,0.997718573
0-5%,20,6,24,0.994039523,0.997333348
0-5%,21,2,31,0.981547544,0.995825529
0-5%,21,4,32,0.991456177,0.997182876
0-5%,21,6,23,0.985143659,0.997659445
0-5%,21,2,25,0.991408553,0.997547209
0-5%,21,4,32,0.985433429,0.99573651
0-5%,21,6,38,0.987398984,0.99755919
0-5%,21,4,34,0.989912617,0.99667263
0-5%,21,6,29,0.990448726,0.996819496
0-5%,21,4,27,0.984842232,0.996866167
0-5%,21,6,40,0.992235501,0.997068971
0-5%,21,6,36,0.988975517,0.997336477
0-5%,21,6,28,0.986148632,0.997276247
0-5%,22,2,6,0.983731697,0.996948361
0-5%,22,4,4,0.993747354,0.997786164
0-5%,22,6,6,0.998496344,0.998540312
0-5%,22,2,2,0.994322985,0.994322985
0-5%,22,4,6,0.983731697,0.996948361
0-5%,22,6,3,0.997420867,0.997315586
0-5%,22,4,4,0.996889785,0.996825576
0-5%,22,6,6,0.983731697,0.996948361
0-5%,22,4,2,0.994322985,0.994322985
0-5%,22,6,3,0.963580231,0.996522784
0-5%,22,6,4,0.990249887,0.998633981
0-5%,22,6,2,0.994322985,0.994322985
0-5%,23,2,21,0.980017699,0.995079398
0-5%,23,4,11,0.994380284,0.996102452
0-5%,23,6,16,0.987004243,0.996586621
0-5%,23,2,15,0.979230344,0.998169541
0-5%,23,4,21,0.980017699,0.995079398
0-5%,23,6,8,0.994119473,0.998509526
0-5%,23,4,16,0.994633798,0.997529894
0-5%,23,6,19,0.973876922,0.990797758
0-5%,23,4,15,0.979230344,0.998169541
0-5%,23,6,15,0.992418329,0.998256147
0-5%,23,6,14,0.995104368,0.998882592
0-5%,23,6,16,0.977531742,0.997867703
0-5%,24,2,15,0.994063989,0.998328984
0-5%,24,4,24,0.995396726,0.998143971
0-5%,24,6,22,0.995927494,0.998026401
0-5%,24,2,11,0.993652268,0.998062551
0-5%,24,4,15,0.994063989,0.998328984
0-5%,24,6,17,0.996394683,0.998248816
0-5%,24,4,18,0.987623774,0.998007685
0-5%,24,6,15,0.994063989,0.998328984
0-5%,24,4,11,0.993652268,0.998062551
0-5%,24,6,19,0.990696778,0.996785402
0-5%,24,6,19,0.996178423,0.997238159
0-5%,24,6,11,0.993652268,0.998062551
0-5%,25,2,6,0.996538778,0.998297423
0-5%,25,4,16,0.993523754,0.998113751
0-5%,25,6,12,0.99222978,0.995419353
0-5%,25,2,21,0.99264433,0.997045934
0-5%,25,4,6,0.998102526,0.998209476
0-5%,25,6,13,0.98454033,0.996845007
0-5%,25,4,9,0.983059261,0.996982276
0-5%,25,6,6,0.998102526,0.998209476
0-5%,25,4,20,0.987243608,0.994450212
0-5%,25,6,5,0.998204684,0.998822987
0-5%,25,6,14,0.985159963,0.995652109
0-5%,25,6,20,0.987243608,0.994450212
5%-10%,01,2,28,0.985721369,0.99783361
5%-10%,01,4,49,0.991110029,0.996614158
5%-10%,01,6,37,0.991731531,0.997644722
5%-10%,01,2,47,0.9847256,0.995090485
5%-10%,01,4,24,0.994276198,0.998163611
5%-10%,01,6,40,0.980858807,0.994743824
5%-10%,01,4,26,0.987750652,0.997652411
5%-10%,01,6,24,0.994276198,0.998163611
5%-10%,01,4,45,0.986321972,0.995703042
5%-10%,01,6,33,0.984957379,0.997413456
5%-10%,01,6,26,0.993651491,0.997356623
5%-10%,01,6,45,0.986321972,0.995703042
5%-10%,02,2,16,0.986297596,0.995536089
5%-10%,02,4,16,0.988294851,0.996775717
5%-10%,02,6,19,0.988849339,0.998437941
5%-10%,02,2,4,0.994199812,0.998500854
5%-10%,02,4,15,0.990470779,0.997353077
5%-10%,02,6,19,0.991323277,0.997948825
5%-10%,02,4,5,0.982088971,0.986889124
5%-10%,02,6,15,0.986037143,0.994980276
5%-10%,02,4,3,0.998641312,0.9988029
5%-10%,02,6,14,0.990789256,0.993890405
5%-10%,02,6,4,0.990385801,0.997112364
5%-10%,02,6,3,0.998439193,0.998893559
5%-10%,03,2,3,0.994595726,0.995481133
5%-10%,03,4,9,0.993450264,0.998485029
5%-10%,03,6,22,0.993592376,0.99735108
5%-10%,03,2,16,0.998006377,0.998503149
5%-10%,03,4,3,0.994595726,0.995481133
5%-10%,03,6,7,0.980105911,0.997044623
5%-10%,03,4,9,0.988484191,0.995693266
5%-10%,03,6,3,0.998302877,0.998403847
5%-10%,03,4,16,0.998006377,0.998503149
5%-10%,03,6,2,0.994618028,0.994618028
5%-10%,03,6,8,0.988266133,0.998173326
5%-10%,03,6,17,0.993456816,0.998703241
5%-10%,04,2,5,0.997543669,0.998815656
5%-10%,04,4,6,0.997369607,0.998536766
5%-10%,04,6,7,0.99327084,0.99630934
5%-10%,04,2,6,0.99355496,0.997254789
5%-10%,04,4,5,0.997264683,0.998161137
5%-10%,04,6,6,0.988414615,0.996972352
5%-10%,04,4,3,0.997851292,0.99790895
5%-10%,04,6,5,0.997543669,0.998815656
5%-10%,04,4,9,0.965157151,0.969407618
5%-10%,04,6,11,0.988002512,0.998292267
5%-10%,04,6,8,0.983702414,0.990043372
5%-10%,04,6,6,0.99355496,0.997254789
5%-10%,05,2,25,0.987747033,0.99682343
5%-10%,05,4,25,0.988827856,0.996943176
5%-10%,05,6,19,0.987146588,0.998031676
5%-10%,05,2,18,0.99062858,0.997541636
5%-10%,05,4,22,0.995932422,0.996572137
5%-10%,05,6,26,0.986967777,0.997346073
5%-10%,05,4,19,0.986688592,0.996565282
5%-10%,05,6,25,0.992881176,0.997245073
5%-10%,05,4,19,0.992417047,0.996140778
5%-10%,05,6,15,0.995862114,0.998386145
5%-10%,05,6,16,0.989292387,0.994805485
5%-10%,05,6,19,0.987056563,0.996874213
5%-10%,06,2,29,0.997101087,0.997845054
5%-10%,06,4,12,0.984316592,0.996500015
5%-10%,06,6,13,0.99567097,0.996500134
5%-10%,06,2,12,0.996907021,0.998798311
5%-10%,06,4,29,0.997101087,0.997845054
5%-10%,06,6,21,0.988858075,0.996401072
5%-10%,06,4,13,0.979820971,0.995384872
5%-10%,06,6,29,0.997101087,0.997845054
5%-10%,06,4,12,0.996907021,0.998798311
5%-10%,06,6,15,0.984320498,0.993236244
5%-10%,06,6,13,0.997287993,0.997885883
5%-10%,06,6,12,0.996907021,0.998798311
5%-10%,07,2,26,0.990760244,0.996473819
5%-10%,07,4,25,0.99003562,0.998288572
5%-10%,07,6,32,0.992786497,0.997135341
5%-10%,07,2,33,0.984386076,0.997836053
5%-10%,07,4,26,0.990760244,0.996473819
5%-10%,07,6,28,0.994894715,0.996992439
5%-10%,07,4,27,0.990271102,0.997491717
5%-10%,07,6,26,0.992302846,0.996380776
5%-10%,07,4,33,0.984386076,0.997836053
5%-10%,07,6,25,0.992592452,0.998048663
5%-10%,07,6,24,0.993451886,0.997810274
5%-10%,07,6,31,0.992775511,0.998010814
5%-10%,08,2,6,0.995019287,0.997613221
5%-10%,08,4,6,0.997554223,0.998237222
5%-10%,08,6,13,0.986008901,0.995957077
5%-10%,08,2,11,0.993060107,0.99800998
5%-10%,08,4,6,0.980483741,0.995612204
5%-10%,08,6,12,0.992589767,0.997543544
5%-10%,08,4,7,0.980024346,0.997794867
5%-10%,08,6,6,0.995019287,0.997613221
5%-10%,08,4,12,0.985920633,0.998253196
5%-10%,08,6,9,0.995137811,0.998565972
5%-10%,08,6,13,0.994180235,0.997527421
5%-10%,08,6,11,0.993060107,0.99800998
5%-10%,09,2,14,0.990316208,0.997845232
5%-10%,09,4,19,0.996540506,0.997793794
5%-10%,09,6,21,0.989013916,0.997588158
5%-10%,09,2,15,0.987106546,0.996203601
5%-10%,09,4,15,0.996001657,0.997560501
5%-10%,09,6,21,0.978899661,0.992469728
5%-10%,09,4,21,0.987829447,0.997983575
5%-10%,09,6,13,0.994175815,0.997616768
5%-10%,09,4,17,0.981718449,0.994546652
5%-10%,09,6,14,0.98748033,0.995955616
5%-10%,09,6,10,0.990198141,0.997865617
5%-10%,09,6,18,0.983581556,0.993283838
5%-10%,10,2,26,0.997862795,0.998403281
5%-10%,10,4,14,0.991151337,0.997314662
5%-10%,10,6,12,0.988086825,0.997318417
5%-10%,10,2,25,0.990514805,0.997465491
5%-10%,10,4,26,0.997862795,0.998403281
5%-10%,10,6,16,0.977354944,0.989440948
5%-10%,10,4,34,0.991416673,0.997211009
5%-10%,10,6,26,0.997482249,0.998252124
5%-10%,10,4,25,0.990514805,0.997465491
5%-10%,10,6,15,0.995461245,0.997684598
5%-10%,10,6,30,0.985340035,0.997844756
5%-10%,10,6,24,0.994205984,0.998041064
5%-10%,11,2,21,0.988089249,0.995948136
5%-10%,11,4,19,0.984970359,0.996371865
5%-10%,11,6,22,0.996878559,0.998801619
5%-10%,11,2,28,0.995873209,0.998192608
5%-10%,11,4,18,0.990232478,0.996214837
5%-10%,11,6,11,0.976691913,0.986096919
5%-10%,11,4,24,0.987386271,0.997864515
5%-10%,11,6,17,0.986939809,0.996272922
5%-10%,11,4,29,0.991286496,0.998229682
5%-10%,11,6,11,0.991489974,0.996681631
5%-10%,11,6,23,0.98921165,0.997801125
5%-10%,11,6,28,0.991765425,0.99855271
5%-10%,12,2,21,0.982272968,0.990450323
5%-10%,12,4,49,0.989869758,0.99766314
5%-10%,12,6,50,0.99042464,0.997741103
5%-10%,12,2,44,0.990127355,0.99594444
5%-10%,12,4,18,0.987405343,0.996014416
5%-10%,12,6,45,0.990432519,0.997556448
5%-10%,12,4,16,0.982780326,0.99537459
5%-10%,12,6,20,0.987664324,0.99555555
5%-10%,12,4,42,0.991238173,0.996751726
5%-10%,12,6,12,0.992658297,0.997703761
5%-10%,12,6,25,0.987585871,0.997232974
5%-10%,12,6,40,0.987685005,0.995382637
5%-10%,13,2,6,0.998439183,0.998829693
5%-10%,13,4,14,0.989153223,0.998305082
5%-10%,13,6,21,0.991739946,0.997251332
5%-10%,13,2,22,0.99025017,0.997944653
5%-10%,13,4,6,0.998439183,0.998829693
5%-10%,13,6,15,0.978689996,0.981106639
5%-10%,13,4,15,0.993527985,0.996725798
5%-10%,13,6,6,0.998439183,0.998829693
5%-10%,13,4,22,0.99025017,0.997944653
5%-10%,13,6,9,0.997819463,0.998398721
5%-10%,13,6,16,0.988323141,0.997438312
5%-10%,13,6,22,0.99025017,0.997944653
5%-10%,14,2,15,0.994507285,0.997450411
5%-10%,14,4,27,0.986007368,0.996225953
5%-10%,14,6,25,0.986637225,0.995001495
5%-10%,14,2,32,0.983713824,0.994815022
5%-10%,14,4,15,0.994507285,0.997450411
5%-10%,14,6,31,0.990910386,0.997276366
5%-10%,14,4,20,0.990432215,0.998423606
5%-10%,14,6,17,0.994884884,0.997455418
5%-10%,14,4,32,0.983713824,0.994815022
5%-10%,14,6,14,0.989407786,0.99801892
5%-10%,14,6,31,0.983457129,0.996568322
5%-10%,14,6,30,0.987105276,0.994297832
5%-10%,15,2,36,0.991061547,0.997270316
5%-10%,15,4,34,0.988625248,0.997190684
5%-10%,15,6,35,0.993205435,0.997500122
5%-10%,15,2,32,0.994365839,0.996914774
5%-10%,15,4,36,0.991061547,0.997270316
5%-10%,15,6,34,0.989269548,0.996782362
5%-10%,15,4,21,0.984162447,0.997713804
5%-10%,15,6,36,0.991061547,0.997270316
5%-10%,15,4,32,0.994365839,0.996914774
5%-10%,15,6,31,0.990519931,0.997687578
5%-10%,15,6,26,0.99292353,0.998063654
5%-10%,15,6,32,0.994365839,0.996914774
5%-10%,16,2,14,0.987245164,0.998076499
5%-10%,16,4,14,0.998277315,0.998087734
5%-10%,16,6,13,0.996795049,0.998710513
5%-10%,16,2,12,0.993660395,0.998841017
5%-10%,16,4,14,0.987245164,0.998076499
5%-10%,16,6,18,0.992939207,0.99819991
5%-10%,16,4,13,0.997059918,0.997615576
5%-10%,16,6,14,0.987245164,0.998076499
5%-10%,16,4,12,0.993660395,0.998841017
5%-10%,16,6,14,0.980825594,0.993786871
5%-10%,16,6,10,0.995225894,0.998016715
5%-10%,16,6,12,0.993660395,0.998841017
5%-10%,17,2,17,0.997074443,0.998416305
5%-10%,17,4,22,0.986946753,0.997793317
5%-10%,17,6,28,0.986964068,0.997527242
5%-10%,17,2,32,0.99318813,0.996784687
5%-10%,17,4,17,0.997074443,0.998416305
5%-10%,17,6,18,0.992624902,0.998279303
5%-10%,17,4,23,0.990376584,0.996166348
5%-10%,17,6,19,0.996311872,0.998295009
5%-10%,17,4,32,0.99318813,0.996784687
5%-10%,17,6,20,0.990061402,0.998371512
5%-10%,17,6,32,0.978456832,0.994961977
5%-10%,17,6,31,0.993393106,0.997270286
5%-10%,18,2,11,0.9855266,0.998197734
5%-10%,18,4,6,0.998679578,0.998671383
5%-10%,18,6,5,0.998264122,0.998110771
5%-10%,18,2,11,0.983175375,0.996632516
5%-10%,18,4,13,0.989158442,0.997743964
5%-10%,18,6,9,0.993808256,0.998895288
5%-10%,18,4,12,0.987616276,0.996542394
5%-10%,18,6,12,0.987934902,0.998091996
5%-10%,18,4,12,0.986983135,0.996965557
5%-10%,18,6,17,0.997741927,0.998222649
5%-10%,18,6,8,0.990870342,0.996186376
5%-10%,18,6,12,0.988517314,0.997234702
5%-10%,19,2,24,0.992305423,0.996444792
5%-10%,19,4,16,0.991237737,0.997103691
5%-10%,19,6,17,0.982561932,0.995251656
5%-10%,19,2,18,0.996696813,0.997787982
5%-10%,19,4,24,0.990443426,0.996345699
5%-10%,19,6,16,0.995362319,0.998217195
5%-10%,19,4,10,0.988795769,0.997531533
5%-10%,19,6,23,0.993468704,0.996430755
5%-10%,19,4,19,0.996096178,0.997599423
5%-10%,19,6,16,0.991336513,0.997466773
5%-10%,19,6,9,0.996980806,0.997643769
5%-10%,19,6,20,0.99135609,0.99813208
5%-10%,20,2,4,0.987304106,0.992979169
5%-10%,20,4,7,0.982132026,0.997338355
5%-10%,20,6,7,0.986620886,0.997752964
5%-10%,20,2,5,0.976228142,0.990992308
5%-10%,20,4,4,0.994141638,0.997971535
5%-10%,20,6,5,0.998969841,0.999279916
5%-10%,20,4,6,0.991200229,0.994571239
5%-10%,20,6,4,0.98043023,0.997125328
5%-10%,20,4,4,0.994412586,0.997688621
5%-10%,20,6,5,0.988104522,0.998417258
5%-10%,20,6,6,0.963474512,0.979348719
5%-10%,20,6,4,0.99601467,0.998700827
5%-10%,21,2,12,0.994129812,0.9984909
5%-10%,21,4,15,0.993943902,0.998237848
5%-10%,21,6,23,0.99020569,0.995701611
5%-10%,21,2,24,0.993310243,0.996816725
5%-10%,21,4,12,0.997850612,0.998638213
5%-10%,21,6,21,0.990624388,0.997151315
5%-10%,21,4,16,0.982407894,0.997404546
5%-10%,21,6,12,0.997850612,0.998638213
5%-10%,21,4,25,0.986815789,0.996872723
5%-10%,21,6,13,0.988375737,0.997705042
5%-10%,21,6,21,0.988850611,0.997445107
5%-10%,21,6,25,0.986815789,0.996872723
5%-10%,22,2,7,0.987509046,0.998123348
5%-10%,22,4,6,0.998459915,0.998846471
5%-10%,22,6,7,0.992195232,0.995476663
5%-10%,22,2,7,0.99380534,0.995931089
5%-10%,22,4,7,0.987509046,0.998123348
5%-10%,22,6,8,0.989215881,0.998346925
5%-10%,22,4,12,0.991821667,0.996190488
5%-10%,22,6,7,0.991935355,0.998836577
5%-10%,22,4,7,0.99380534,0.995931089
5%-10%,22,6,9,0.975375275,0.993629754
5%-10%,22,6,13,0.988485171,0.997623146
5%-10%,22,6,7,0.989359438,0.997648895
5%-10%,23,2,39,0.986083619,0.99697721
5%-10%,23,4,27,0.984836223,0.995975673
5%-10%,23,6,35,0.992883846,0.99721539
5%-10%,23,2,39,0.988129827,0.992501736
5%-10%,23,4,39,0.986083619,0.99697721
5%-10%,23,6,37,0.993508922,0.997938693
5%-10%,23,4,40,0.989264768,0.996777207
5%-10%,23,6,40,0.987120984,0.997429907
5%-10%,23,4,39,0.988129827,0.992501736
5%-10%,23,6,21,0.986437965,0.997377753
5%-10%,23,6,39,0.991591643,0.997251809
5%-10%,23,6,42,0.978284985,0.99513486
5%-10%,24,2,25,0.9924365,0.997315109
5%-10%,24,4,15,0.987322589,0.99717015
5%-10%,24,6,23,0.991608765,0.994321108
5%-10%,24,2,28,0.994225821,0.997613132
5%-10%,24,4,25,0.99492208,0.996492088
5%-10%,24,6,20,0.98574236,0.996165931
5%-10%,24,4,9,0.990790023,0.998096883
5%-10%,24,6,25,0.9924365,0.997315109
5%-10%,24,4,29,0.985232604,0.997491717
5%-10%,24,6,12,0.994258841,0.998058945
5%-10%,24,6,19,0.989429402,0.998028815
5%-10%,24,6,28,0.994225821,0.997613132
5%-10%,25,2,19,0.992353035,0.998103261
5%-10%,25,4,26,0.989906135,0.996985853
5%-10%,25,6,28,0.988933035,0.995875239
5%-10%,25,2,22,0.990351858,0.997036219
5%-10%,25,4,19,0.992353035,0.998103261
5%-10%,25,6,17,0.988500939,0.998174071
5%-10%,25,4,20,0.986400458,0.996239066
5%-10%,25,6,19,0.992353035,0.998103261
5%-10%,25,4,22,0.990351858,0.997036219
5%-10%,25,6,17,0.989294504,0.99702245
5%-10%,25,6,15,0.984186876,0.997591138
5%-10%,25,6,22,0.990351858,0.997036219
10%-15%,01,2,25,0.992864833,0.99795866
10%-15%,01,4,29,0.984900261,0.997050762
10%-15%,01,6,16,0.988949139,0.99767372
10%-15%,01,2,30,0.985151009,0.99584955
10%-15%,01,4,22,0.992786378,0.998171568
10%-15%,01,6,22,0.99050048,0.997979522
10%-15%,01,4,17,0.994008587,0.99742645
10%-15%,01,6,25,0.992864833,0.99795866
10%-15%,01,4,29,0.982589124,0.995825052
10%-15%,01,6,15,0.991366931,0.997696936
10%-15%,01,6,26,0.976289855,0.987756759
10%-15%,01,6,30,0.985151009,0.99584955
10%-15%,02,2,25,0.978808978,0.997582674
10%-15%,02,4,16,0.991517782,0.996948868
10%-15%,02,6,21,0.987985949,0.995793104
10%-15%,02,2,33,0.985833762,0.995934844
10%-15%,02,4,25,0.98522682,0.995071054
10%-15%,02,6,14,0.989345687,0.997795194
10%-15%,02,4,31,0.98579927,0.996121943
10%-15%,02,6,25,0.98522682,0.995071054
10%-15%,02,4,28,0.995808891,0.997037709
10%-15%,02,6,26,0.994298857,0.997879893
10%-15%,02,6,27,0.986561777,0.995163321
10%-15%,02,6,28,0.995808891,0.997037709
10%-15%,03,2,55,0.986629054,0.994010329
10%-15%,03,4,36,0.98767086,0.997337729
10%-15%,03,6,59,0.987589096,0.996666968
10%-15%,03,2,42,0.993409912,0.996959567
10%-15%,03,4,56,0.990737192,0.995338351
10%-15%,03,6,56,0.987240767,0.995771706
10%-15%,03,4,32,0.990223402,0.99801743
10%-15%,03,6,56,0.990737192,0.995338351
10%-15%,03,4,43,0.993171129,0.99665463
10%-15%,03,6,54,0.99085041,0.996972591
10%-15%,03,6,37,0.989725749,0.994524598
10%-15%,03,6,43,0.993171129,0.99665463
10%-15%,04,2,34,0.988222401,0.996329427
10%-15%,04,4,29,0.986605507,0.994264901
10%-15%,04,6,10,0.986022162,0.993620157
10%-15%,04,2,22,0.99016509,0.997782469
10%-15%,04,4,34,0.988222401,0.996329427
10%-15%,04,6,25,0.993195987,0.997183144
10%-15%,04,4,30,0.993939747,0.996489733
10%-15%,04,6,34,0.988222401,0.996329427
10%-15%,04,4,22,0.99016509,0.997782469
10%-15%,04,6,28,0.991577134,0.996519446
10%-15%,04,6,29,0.977557228,0.994380176
10%-15%,04,6,22,0.99016509,0.997782469
10%-15%,05,2,23,0.97752362,0.993171573
10%-15%,05,4,16,0.990306623,0.997277826
10%-15%,05,6,16,0.993143991,0.998359025
10%-15%,05,2,40,0.983665797,0.99438265
10%-15%,05,4,24,0.986827051,0.994813323
10%-15%,05,6,13,0.985962501,0.996368408
10%-15%,05,4,33,0.986167256,0.99659735
10%-15%,05,6,24,0.986827051,0.994813323
10%-15%,05,4,43,0.981379693,0.995122373
10%-15%,05,6,27,0.985737832,0.995977998
10%-15%,05,6,36,0.992761791,0.99738133
10%-15%,05,6,43,0.981379693,0.995122373
10%-15%,06,2,40,0.983589913,0.995284438
10%-15%,06,4,44,0.987055426,0.997227579
10%-15%,06,6,52,0.987829244,0.995597988
10%-15%,06,2,38,0.986201338,0.997228026
10%-15%,06,4,40,0.983589913,0.995284438
10%-15%,06,6,38,0.98963817,0.995670736
10%-15%,06,4,36,0.98962124,0.996331662
10%-15%,06,6,33,0.990003364,0.996706426
10%-15%,06,4,38,0.986201338,0.997228026
10%-15%,06,6,28,0.991802607,0.997915149
10%-15%,06,6,38,0.988212145,0.996852487
10%-15%,06,6,37,0.990497586,0.997083962
10%-15%,07,2,48,0.988700618,0.996827185
10%-15%,07,4,38,0.987612513,0.996916354
10%-15%,07,6,38,0.983602494,0.994227648
10%-15%,07,2,36,0.990870237,0.996678561
10%-15%,07,4,48,0.988700618,0.996827185
10%-15%,07,6,40,0.990422438,0.996782064
10%-15%,07,4,32,0.992235107,0.99766773
10%-15%,07,6,46,0.989400715,0.997462898
10%-15%,07,4,36,0.990870237,0.996678561
10%-15%,07,6,43,0.989232183,0.99760735
10%-15%,07,6,34,0.992398085,0.997375786
10%-15%,07,6,34,0.989538489,0.995106965
10%-15%,08,2,43,0.981213473,0.991951704
10%-15%,08,4,34,0.995434835,0.998113215
10%-15%,08,6,33,0.994540926,0.998301864
10%-15%,08,2,48,0.985652473,0.995902926
10%-15%,08,4,43,0.981213473,0.991951704
10%-15%,08,6,45,0.984376429,0.994729459
10%-15%,08,4,45,0.983810253,0.996018708
10%-15%,08,6,39,0.989644436,0.996986449
10%-15%,08,4,48,0.985652473,0.995902926
10%-15%,08,6,42,0.987832365,0.997522801
10%-15%,08,6,41,0.99576723,0.996897578
10%-15%,08,6,47,0.992108826,0.996402621
10%-15%,09,2,29,0.97829078,0.99390018
10%-15%,09,4,28,0.990208347,0.997848511
10%-15%,09,6,23,0.985768842,0.996901393
10%-15%,09,2,23,0.991528692,0.997186601
10%-15%,09,4,29,0.97829078,0.99390018
10%-15%,09,6,36,0.988364889,0.996271253
10%-15%,09,4,29,0.98345544,0.995278597
10%-15%,09,6,29,0.97829078,0.99390018
10%-15%,09,4,23,0.991528692,0.997186601
10%-15%,09,6,31,0.984047551,0.993856609
10%-15%,09,6,22,0.985857741,0.99414432
10%-15%,09,6,23,0.991528692,0.997186601
10%-15%,10,2,32,0.99100605,0.997714102
10%-15%,10,4,35,0.993224876,0.997815847
10%-15%,10,6,41,0.993147693,0.996833861
10%-15%,10,2,42,0.988863708,0.995734364
10%-15%,10,4,31,0.992975918,0.997079909
10%-15%,10,6,25,0.987927072,0.996387362
10%-15%,10,4,37,0.983208642,0.994758666
10%-15%,10,6,31,0.990759682,0.99757427
10%-15%,10,4,39,0.986423673,0.994468093
10%-15%,10,6,27,0.992426126,0.996854126
10%-15%,10,6,33,0.987710292,0.997006476
10%-15%,10,6,41,0.988138772,0.994067788
10%-15%,11,2,32,0.991778914,0.996958971
10%-15%,11,4,33,0.988862207,0.997824669
10%-15%,11,6,40,0.993151359,0.997361869
10%-15%,11,2,31,0.987604335,0.997930646
10%-15%,11,4,32,0.991778914,0.996958971
10%-15%,11,6,28,0.989514008,0.997720391
10%-15%,11,4,19,0.993296692,0.997894585
10%-15%,11,6,29,0.991192269,0.997525036
10%-15%,11,4,31,0.987604335,0.997930646
10%-15%,11,6,15,0.992966346,0.998594224
10%-15%,11,6,26,0.993162756,0.997955412
10%-15%,11,6,29,0.993916407,0.997718096
10%-15%,12,2,28,0.986177547,0.996833712
10%-15%,12,4,34,0.987328235,0.996858001
10%-15%,12,6,35,0.985667327,0.996240973
10%-15%,12,2,46,0.990970915,0.996382862
10%-15%,12,4,28,0.986177547,0.996833712
10%-15%,12,6,38,0.990174355,0.997138202
10%-15%,12,4,48,0.980853299,0.995046973
10%-15%,12,6,28,0.986177547,0.996833712
10%-15%,12,4,46,0.990970915,0.996382862
10%-15%,12,6,33,0.988685536,0.995103598
10%-15%,12,6,41,0.993107543,0.997389376
10%-15%,12,6,46,0.990970915,0.996382862
10%-15%,13,2,16,0.996458191,0.998346329
10%-15%,13,4,15,0.991488878,0.997128546
10%-15%,13,6,22,0.982924331,0.993774951
10%-15%,13,2,23,0.987685333,0.99512732
10%-15%,13,4,15,0.996759562,0.997873306
10%-15%,13,6,25,0.984315021,0.996988595
10%-15%,13,4,18,0.97702733,0.995268941
10%-15%,13,6,15,0.996759562,0.997873306
10%-15%,13,4,24,0.979916091,0.996992618
10%-15%,13,6,17,0.994719887,0.997519135
10%-15%,13,6,24,0.981965415,0.992190629
10%-15%,13,6,24,0.979916091,0.996992618
10%-15%,14,2,23,0.981674404,0.992266476
10%-15%,14,4,11,0.99135744,0.997250736
10%-15%,14,6,13,0.98530398,0.997350335
10%-15%,14,2,19,0.989504388,0.997653186
10%-15%,14,4,26,0.969108446,0.99112761
10%-15%,14,6,9,0.990477019,0.994048357
10%-15%,14,4,15,0.984081459,0.99609524
10%-15%,14,6,23,0.981674404,0.992266476
10%-15%,14,4,19,0.98947109,0.997624099
10%-15%,14,6,13,0.994282585,0.997260094
10%-15%,14,6,7,0.985832921,0.996572614
10%-15%,14,6,19,0.989504388,0.997653186
10%-15%,15,2,38,0.989253601,0.995826721
10%-15%,15,4,41,0.982896411,0.996784091
10%-15%,15,6,37,0.988578877,0.996770144
10%-15%,15,2,24,0.980613388,0.996955037
10%-15%,15,4,38,0.989253601,0.995826721
10%-15%,15,6,41,0.990754319,0.996953249
10%-15%,15,4,23,0.985828366,0.997413814
10%-15%,15,6,37,0.988215177,0.996175766
10%-15%,15,4,24,0.980613388,0.996955037
10%-15%,15,6,24,0.979882603,0.995449543
10%-15%,15,6,27,0.984823415,0.993978381
10%-15%,15,6,27,0.98230839,0.993247747
10%-15%,16,2,26,0.989654108,0.998364687
10%-15%,16,4,37,0.986017872,0.995455503
10%-15%,16,6,29,0.995947973,0.997371793
10%-15%,16,2,36,0.990406621,0.99782896
10%-15%,16,4,26,0.989654108,0.998364687
10%-15%,16,6,31,0.989305371,0.997083247
10%-15%,16,4,27,0.987059825,0.997345388
10%-15%,16,6,28,0.987180182,0.99812001
10%-15%,16,4,36,0.990406621,0.99782896
10%-15%,16,6,37,0.989486707,0.996363223
10%-15%,16,6,32,0.991380053,0.996599793
10%-15%,16,6,40,0.990040568,0.997540206
10%-15%,17,2,30,0.993934594,0.998058021
10%-15%,17,4,17,0.986336098,0.995479226
10%-15%,17,6,26,0.990864795,0.997448266
10%-15%,17,2,37,0.983163167,0.995617032
10%-15%,17,4,31,0.993315055,0.997334719
10%-15%,17,6,31,0.983449826,0.997200251
10%-15%,17,4,37,0.991516002,0.997525871
10%-15%,17,6,30,0.993934594,0.998058021
10%-15%,17,4,36,0.984832928,0.995614707
10%-15%,17,6,20,0.99069258,0.997305155
10%-15%,17,6,32,0.990033934,0.997632056
10%-15%,17,6,37,0.983163167,0.995617032
10%-15%,18,2,30,0.989117648,0.995925158
10%-15%,18,4,27,0.988710882,0.997290552
10%-15%,18,6,21,0.993298139,0.997661829
10%-15%,18,2,21,0.993135628,0.996587515
10%-15%,18,4,30,0.989117648,0.995925158
10%-15%,18,6,11,0.997226428,0.998210311
10%-15%,18,4,34,0.995882441,0.997788996
10%-15%,18,6,30,0.989117648,0.995925158
10%-15%,18,4,21,0.993135628,0.996587515
10%-15%,18,6,31,0.986572329,0.994894624
10%-15%,18,6,30,0.988814173,0.99586603
10%-15%,18,6,21,0.993135628,0.996587515
10%-15%,19,2,26,0.99031533,0.997705728
10%-15%,19,4,50,0.993397685,0.997390717
10%-15%,19,6,42,0.992891855,0.998037428
10%-15%,19,2,51,0.990495808,0.997995019
10%-15%,19,4,26,0.99031533,0.997705728
10%-15%,19,6,35,0.992613362,0.996684253
10%-15%,19,4,24,0.988153547,0.995971054
10%-15%,19,6,29,0.991750771,0.997696936
10%-15%,19,4,51,0.990495808,0.997995019
10%-15%,19,6,30,0.981700325,0.992930472
10%-15%,19,6,25,0.987967279,0.997060359
10%-15%,19,6,52,0.987681573,0.997764707
10%-15%,20,2,29,0.995429362,0.998065412
10%-15%,20,4,16,0.982308783,0.989200324
10%-15%,20,6,27,0.992390708,0.996556878
10%-15%,20,2,27,0.987669547,0.996854246
10%-15%,20,4,29,0.992749568,0.998118043
10%-15%,20,6,28,0.985565745,0.994953185
10%-15%,20,4,25,0.990901237,0.997691393
10%-15%,20,6,32,0.991494805,0.997952193
10%-15%,20,4,28,0.988574637,0.996473163
10%-15%,20,6,32,0.99346019,0.9977175
10%-15%,20,6,28,0.994172812,0.998513252
10%-15%,20,6,28,0.989248467,0.997628003
10%-15%,21,2,32,0.986420874,0.997240752
10%-15%,21,4,30,0.989757619,0.995658666
10%-15%,21,6,34,0.99106918,0.997333884
10%-15%,21,2,26,0.984905734,0.994844347
10%-15%,21,4,30,0.988336293,0.997407943
10%-15%,21,6,22,0.976648889,0.9957847
10%-15%,21,4,15,0.978799812,0.997628987
10%-15%,21,6,30,0.988336293,0.997407943
10%-15%,21,4,27,0.978377133,0.994495213
10%-15%,21,6,27,0.989955584,0.997016072
10%-15%,21,6,31,0.990824194,0.994115353
10%-15%,21,6,27,0.978377133,0.994495213
10%-15%,22,2,26,0.991445067,0.997677863
10%-15%,22,4,23,0.986613968,0.998004258
10%-15%,22,6,23,0.988420318,0.998391032
10%-15%,22,2,18,0.994177567,0.997954965
10%-15%,22,4,23,0.988592762,0.997950613
10%-15%,22,6,23,0.993671591,0.997566462
10%-15%,22,4,12,0.99386169,0.99804607
10%-15%,22,6,26,0.991445067,0.997677863
10%-15%,22,4,18,0.997237318,0.998222172
10%-15%,22,6,21,0.985514363,0.996000111
10%-15%,22,6,14,0.986725198,0.997042626
10%-15%,22,6,18,0.994177567,0.997954965
10%-15%,23,2,39,0.99230974,0.996883094
10%-15%,23,4,49,0.983250788,0.995003045
10%-15%,23,6,44,0.985345327,0.997328818
10%-15%,23,2,36,0.992767793,0.997811884
10%-15%,23,4,39,0.99230974,0.996883094
10%-15%,23,6,48,0.987767265,0.996584147
10%-15%,23,4,46,0.992345542,0.998174369
10%-15%,23,6,41,0.989012143,0.996684492
10%-15%,23,4,36,0.992767793,0.997811884
10%-15%,23,6,48,0.989241317,0.997071207
10%-15%,23,6,36,0.991028592,0.997628868
10%-15%,23,6,36,0.993075068,0.997489095
10%-15%,24,2,22,0.986926339,0.995869964
10%-15%,24,4,16,0.997144658,0.99812156
10%-15%,24,6,18,0.98721586,0.994315833
10%-15%,24,2,20,0.993128225,0.997630388
10%-15%,24,4,22,0.986926339,0.995869964
10%-15%,24,6,17,0.984183904,0.994034111
10%-15%,24,4,19,0.990513394,0.997740746
10%-15%,24,6,23,0.990819638,0.995764136
10%-15%,24,4,20,0.993128225,0.997630388
10%-15%,24,6,16,0.985458288,0.997849643
10%-15%,24,6,20,0.992633173,0.997847855
10%-15%,24,6,19,0.993745396,0.99751699
10%-15%,25,2,45,0.99273242,0.996662021
10%-15%,25,4,43,0.99554725,0.99835062
10%-15%,25,6,41,0.994669878,0.998637259
10%-15%,25,2,37,0.988343097,0.997392058
10%-15%,25,4,45,0.988375364,0.996335626
10%-15%,25,6,32,0.992089814,0.997380942
10%-15%,25,4,23,0.994752353,0.997673094
10%-15%,25,6,45,0.988612817,0.996156871
10%-15%,25,4,37,0.988983104,0.997309208
10%-15%,25,6,40,0.989412406,0.997075915
10%-15%,25,6,16,0.989610758,0.997725189
10%-15%,25,6,38,0.98907144,0.997015953
